{
  "reward_components": {
    "time_penalty": {
      "mean": -0.0010000000000000007,
      "std": 6.505213034913027e-19,
      "min": -0.001,
      "max": -0.001,
      "sum": -894.6150000000007,
      "count": 894615
    },
    "formation_angle": {
      "mean": -0.11065674515294933,
      "std": 0.06704762642331212,
      "min": -0.26638144148559667,
      "max": -0.00015976476390876555,
      "sum": -98995.18406500577,
      "count": 894615
    },
    "escape_reward": {
      "mean": -0.5708747558300499,
      "std": 0.6992764233409247,
      "min": -2.1958576164128973,
      "max": 0.1,
      "sum": -170237.7065623,
      "count": 298205
    },
    "velocity_diversity": {
      "mean": 0.08858649015389489,
      "std": 0.038986241410001184,
      "min": 8.215122812844088e-05,
      "max": 0.14999999378595494,
      "sum": 79250.80288902667,
      "count": 894615
    },
    "center_in_triangle": {
      "mean": 1.191589678241478,
      "std": 1.467951999703262,
      "min": 0.0,
      "max": 3.0,
      "sum": 1066014.0,
      "count": 894615
    },
    "capture_bonus": {
      "mean": 0.00843897842973047,
      "std": 0.1623982520427518,
      "min": 0.0,
      "max": 12.171882547454487,
      "sum": 7549.636687913325,
      "count": 894615
    },
    "collision_penalty": {
      "mean": 0.0,
      "std": 0.0,
      "min": 0.0,
      "max": 0.0,
      "sum": 0.0,
      "count": 894615
    },
    "distance_self": {
      "mean": -0.5925015693864332,
      "std": 0.3765056348223777,
      "min": -4.937427161381442,
      "max": -0.04866278137393641,
      "sum": -530060.7914966439,
      "count": 894615
    },
    "formation_radius": {
      "mean": -0.4092669323701111,
      "std": 0.9300961003879178,
      "min": -25.3251388168987,
      "max": -3.697934797856793e-08,
      "sum": -366136.3367022869,
      "count": 894615
    },
    "distance_team": {
      "mean": -0.14812539234660835,
      "std": 0.074821217334501,
      "min": -0.917255331037265,
      "max": -0.027421761353806175,
      "sum": -132515.19787416104,
      "count": 894615
    },
    "capture_penalty": {
      "mean": -10.0,
      "std": 0.0,
      "min": -10.0,
      "max": -10.0,
      "sum": -459110.0,
      "count": 45911
    },
    "near_collision_penalty": {
      "mean": -1.0876179187081879e-05,
      "std": 0.0012136323957237201,
      "min": -0.3791339799037356,
      "max": 0.0,
      "sum": -9.729993043451255,
      "count": 894615
    },
    "boundary_penalty": {
      "mean": -0.3815195404052684,
      "std": 1.8855549685289894,
      "min": -20.0,
      "max": -0.0,
      "sum": -113771.03454655307,
      "count": 298205
    }
  },
  "collaboration_metrics": {
    "encirclement_angle_std": {
      "mean": 1.2591469662664572,
      "std": 0.7437378859413076,
      "min": 0.005403796959779341,
      "max": 2.9423368535524044,
      "final": 0.22636578232293691
    },
    "min_agent_distance": {
      "mean": 1.6421801587711276,
      "std": 1.049418370552571,
      "min": 0.17615307956643736,
      "max": 10.80837311282742,
      "final": 2.0396797718431903
    },
    "avg_distance_to_prey": {
      "mean": 1.8607070506558052,
      "std": 0.960681872698671,
      "min": 0.3526689632369442,
      "max": 11.465691637965811,
      "final": 1.4323338513948116
    },
    "formation_quality": {
      "mean": 0.2772472759219055,
      "std": 0.12142215405182151,
      "min": 0.004334387907725543,
      "max": 0.8187938144000634,
      "final": 0.5026630673318523
    }
  },
  "metadata": {
    "timestamp": "2026-04-15T12:36:52.776501",
    "episode_count": 3000,
    "aggregated": true
  }
}