{
  "reward_components": {
    "formation_radius": {
      "mean": -0.6628924313377004,
      "std": 1.366788207603523,
      "min": -35.80412735056462,
      "max": -6.231468426838666e-07,
      "sum": -592788.9051540132,
      "count": 894246
    },
    "escape_reward": {
      "mean": -0.5845416404744131,
      "std": 0.7055091218416528,
      "min": -2.3521919025835123,
      "max": 0.1,
      "sum": -174241.34127589402,
      "count": 298082
    },
    "distance_team": {
      "mean": -0.07489716218289512,
      "std": 0.03832176808292676,
      "min": -0.4925664498838964,
      "max": -0.013952244918946883,
      "sum": -66976.48769340523,
      "count": 894246
    },
    "boundary_penalty": {
      "mean": -0.2882428808751227,
      "std": 1.5822325735745388,
      "min": -20.0,
      "max": -0.0,
      "sum": -85920.01441701832,
      "count": 298082
    },
    "formation_angle": {
      "mean": -0.17647850168318927,
      "std": 0.10704478319428466,
      "min": -0.4433224270442762,
      "max": -4.8146391097307686e-05,
      "sum": -157815.19421618528,
      "count": 894246
    },
    "collision_penalty": {
      "mean": -2.236521046781311e-07,
      "std": 0.00021149555767287876,
      "min": -0.2,
      "max": 0.0,
      "sum": -0.2,
      "count": 894246
    },
    "distance_self": {
      "mean": -0.8987659461947419,
      "std": 0.5815339362660905,
      "min": -7.695969206902561,
      "max": -0.035473943379957025,
      "sum": -803717.8523208632,
      "count": 894246
    },
    "near_collision_penalty": {
      "mean": -1.0785266512181347e-05,
      "std": 0.000839582209192171,
      "min": -0.14455195347862498,
      "max": 0.0,
      "sum": -9.644681437452121,
      "count": 894246
    },
    "capture_bonus": {
      "mean": 0.0031870424916633677,
      "std": 0.2822514925589247,
      "min": 0.0,
      "max": 25.0,
      "sum": 2850.0,
      "count": 894246
    },
    "velocity_diversity": {
      "mean": 0.01595811702609893,
      "std": 0.011021951373942475,
      "min": 0.0,
      "max": 0.08052603300468214,
      "sum": 14270.482318120863,
      "count": 894246
    },
    "time_penalty": {
      "mean": -0.010000000000000007,
      "std": 6.938893903907228e-18,
      "min": -0.01,
      "max": -0.01,
      "sum": -8942.460000000006,
      "count": 894246
    },
    "center_in_triangle": {
      "mean": 2.023101025892204,
      "std": 2.4540919641478256,
      "min": 0.0,
      "max": 5.0,
      "sum": 1809150.0,
      "count": 894246
    },
    "capture_penalty": {
      "mean": -10.0,
      "std": 0.0,
      "min": -10.0,
      "max": -10.0,
      "sum": -481380.0,
      "count": 48138
    }
  },
  "collaboration_metrics": {
    "encirclement_angle_std": {
      "mean": 1.2129078414349237,
      "std": 0.7118219880873237,
      "min": 0.0008115377023515585,
      "max": 2.947610640426332,
      "final": 0.1285025646359489
    },
    "min_agent_distance": {
      "mean": 1.6764818846882261,
      "std": 1.0902226539291229,
      "min": 0.19289149247079088,
      "max": 9.24109963532696,
      "final": 2.6577036305524064
    },
    "avg_distance_to_prey": {
      "mean": 1.8842762348093793,
      "std": 0.9859547924535772,
      "min": 0.36973481752012444,
      "max": 12.31416124709741,
      "final": 1.6557271665377782
    },
    "formation_quality": {
      "mean": 0.2755652751700687,
      "std": 0.12130179764630533,
      "min": 0.004281884813527533,
      "max": 0.7732427427240393,
      "final": 0.5591330926576374
    }
  },
  "metadata": {
    "timestamp": "2026-04-15T12:36:55.806637",
    "episode_count": 3000,
    "aggregated": true
  }
}