{
  "reward_components": {
    "surround_radius_reward": {
      "mean": -0.22821777329967802,
      "std": 0.15091900165522848,
      "min": -2.1361282619319697,
      "max": -0.0038611924782766564,
      "sum": -204268.3719518365,
      "count": 895059
    },
    "surround_angle_reward": {
      "mean": -0.39648455058257553,
      "std": 0.1969994637719583,
      "min": -0.8873027981549254,
      "max": -0.0009077265272202138,
      "sum": -354877.0653598895,
      "count": 895059
    },
    "boundary_penalty": {
      "mean": -0.49136325418466087,
      "std": 2.0029467149433327,
      "min": -20.0,
      "max": -0.0,
      "sum": -146599.70097575613,
      "count": 298353
    },
    "distance_reward": {
      "mean": -0.5230529170475883,
      "std": 0.252476299863968,
      "min": -2.850042243906123,
      "max": -0.10217988729543842,
      "sum": -468163.22087969736,
      "count": 895059
    },
    "crowded_penalty": {
      "mean": 0.0,
      "std": 0.0,
      "min": 0.0,
      "max": 0.0,
      "sum": 0.0,
      "count": 895059
    },
    "inside_triangle_reward": {
      "mean": 0.14819861037093643,
      "std": 0.22833413470086245,
      "min": 0.0,
      "max": 0.5,
      "sum": 132646.5,
      "count": 895059
    },
    "capture_bonus": {
      "mean": 0.00014077284290756251,
      "std": 0.016778732634553324,
      "min": 0.0,
      "max": 2.0,
      "sum": 126.0,
      "count": 895059
    },
    "capture_penalty": {
      "mean": -10.0,
      "std": 0.0,
      "min": -10.0,
      "max": -10.0,
      "sum": -546880.0,
      "count": 54688
    },
    "time_penalty": {
      "mean": -0.010000000000000005,
      "std": 5.204170427930421e-18,
      "min": -0.01,
      "max": -0.01,
      "sum": -8950.590000000006,
      "count": 895059
    },
    "collision_penalty": {
      "mean": 0.0,
      "std": 0.0,
      "min": 0.0,
      "max": 0.0,
      "sum": 0.0,
      "count": 895059
    },
    "escape_reward": {
      "mean": -0.656793920532026,
      "std": 0.7180082703164791,
      "min": -2.118504366974344,
      "max": 0.1,
      "sum": -195956.43657249154,
      "count": 298353
    }
  },
  "collaboration_metrics": {
    "encirclement_angle_std": {
      "mean": 1.3623194338115407,
      "std": 0.652469800543489,
      "min": 0.009089498403012668,
      "max": 2.9540292677063102,
      "final": 0.8623337408051416
    },
    "min_agent_distance": {
      "mean": 1.4824959679172447,
      "std": 0.9278045784676661,
      "min": 0.2151878237836533,
      "max": 9.995069049124307,
      "final": 2.6746214377808464
    },
    "avg_distance_to_prey": {
      "mean": 1.8496285029004176,
      "std": 0.8983235745601889,
      "min": 0.38524373373118914,
      "max": 10.076423836712964,
      "final": 2.9724454488306615
    },
    "formation_quality": {
      "mean": 0.24759971663696734,
      "std": 0.09951245976087034,
      "min": 0.006324338406111373,
      "max": 0.8056436370567825,
      "final": 0.3103762495818303
    }
  },
  "metadata": {
    "timestamp": "2026-04-15T10:36:14.534799",
    "episode_count": 3000,
    "aggregated": true
  }
}