{
  "reward_components": {
    "near_collision_penalty": {
      "mean": -1.254652252781971e-05,
      "std": 0.0011043202797053793,
      "min": -0.24189118531241702,
      "max": 0.0,
      "sum": -11.228372324524443,
      "count": 894939
    },
    "capture_penalty": {
      "mean": -10.0,
      "std": 0.0,
      "min": -10.0,
      "max": -10.0,
      "sum": -438840.0,
      "count": 43884
    },
    "formation_radius": {
      "mean": -0.42242581775381743,
      "std": 0.811716019425477,
      "min": -25.779745115833443,
      "max": -2.052757311132918e-06,
      "sum": -378045.3389147836,
      "count": 894939
    },
    "capture_bonus": {
      "mean": 0.0022124412948815505,
      "std": 0.1821585148345801,
      "min": 0.0,
      "max": 15.0,
      "sum": 1980.0,
      "count": 894939
    },
    "escape_reward": {
      "mean": -0.5380199587456403,
      "std": 0.6998763313693787,
      "min": -2.1362975079939583,
      "max": 0.1,
      "sum": -160498.3479532882,
      "count": 298313
    },
    "velocity_diversity": {
      "mean": 0.007919695418462866,
      "std": 0.005665018298462658,
      "min": 0.0,
      "max": 0.049577400607247794,
      "sum": 7087.644298103739,
      "count": 894939
    },
    "distance_self": {
      "mean": -0.6331052830567249,
      "std": 0.40062628136422324,
      "min": -4.90962818587339,
      "max": -0.058192398720966654,
      "sum": -566590.6089135023,
      "count": 894939
    },
    "boundary_penalty": {
      "mean": -0.30212391961433216,
      "std": 1.6023735879443803,
      "min": -20.0,
      "max": -0.0,
      "sum": -90127.49283191026,
      "count": 298313
    },
    "time_penalty": {
      "mean": -0.0020000000000000013,
      "std": 1.3010426069826053e-18,
      "min": -0.002,
      "max": -0.002,
      "sum": -1789.8780000000013,
      "count": 894939
    },
    "distance_team": {
      "mean": -0.1582763207641812,
      "std": 0.08166038827050771,
      "min": -0.9322482130400662,
      "max": -0.028480148907600512,
      "sum": -141647.65222837555,
      "count": 894939
    },
    "formation_angle": {
      "mean": -0.09945767112349678,
      "std": 0.06756767732199004,
      "min": -0.26646335473137117,
      "max": -7.490116785034082e-05,
      "sum": -89008.54873759109,
      "count": 894939
    },
    "center_in_triangle": {
      "mean": 1.4261999979886897,
      "std": 1.4981834199133073,
      "min": 0.0,
      "max": 3.0,
      "sum": 1276362.0,
      "count": 894939
    },
    "collision_penalty": {
      "mean": -2.234789186749041e-06,
      "std": 0.0014949194601938701,
      "min": -1.0,
      "max": 0.0,
      "sum": -2.0,
      "count": 894939
    }
  },
  "collaboration_metrics": {
    "encirclement_angle_std": {
      "mean": 1.1204992681919246,
      "std": 0.748735385803246,
      "min": 0.00222923412748922,
      "max": 2.955843607795434,
      "final": 0.126571429136681
    },
    "min_agent_distance": {
      "mean": 1.9610194648616852,
      "std": 1.350919353552825,
      "min": 0.18846505373292322,
      "max": 10.133133106633496,
      "final": 1.6260489531699918
    },
    "avg_distance_to_prey": {
      "mean": 1.9941283179962952,
      "std": 1.0560809743294457,
      "min": 0.35901369449824044,
      "max": 11.653102663000828,
      "final": 1.254259100009885
    },
    "formation_quality": {
      "mean": 0.2889435417915329,
      "std": 0.11861284808399601,
      "min": 0.006387952725819868,
      "max": 0.8374233081113116,
      "final": 0.5179017353694796
    }
  },
  "metadata": {
    "timestamp": "2026-04-15T11:36:55.661569",
    "episode_count": 3000,
    "aggregated": true
  }
}