{
  "reward_components": {
    "escape_reward": {
      "mean": -1.1618661755497115,
      "std": 0.7735590540800458,
      "min": -2.1163468290927128,
      "max": 0.1,
      "sum": -104608.62111561827,
      "count": 90035
    },
    "near_collision_penalty": {
      "mean": 0.0,
      "std": 0.0,
      "min": 0.0,
      "max": 0.0,
      "sum": 0.0,
      "count": 270105
    },
    "velocity_alignment": {
      "mean": 0.974914635046387,
      "std": 1.0435837936370014,
      "min": -1.799999970769477,
      "max": 1.7999999669587967,
      "sum": 263329.31749920436,
      "count": 270105
    },
    "dense_capture": {
      "mean": 0.3354355867294911,
      "std": 0.7580588878165466,
      "min": 0.0,
      "max": 7.367335626248498,
      "sum": 90602.8291535692,
      "count": 270105
    },
    "centroid_centrality": {
      "mean": -0.09761734708543146,
      "std": 0.09539496476685679,
      "min": -0.960719763075053,
      "max": -0.00014574945357873846,
      "sum": -26366.933534510466,
      "count": 270105
    },
    "time_pressure": {
      "mean": -0.0010000000000000007,
      "std": 6.505213034913027e-19,
      "min": -0.001,
      "max": -0.001,
      "sum": -270.1050000000002,
      "count": 270105
    },
    "radial_shrink_team": {
      "mean": -0.0994704337584283,
      "std": 0.11305089190524507,
      "min": -1.2354695748880558,
      "max": 0.019784449021886284,
      "sum": -26867.461510320278,
      "count": 270105
    },
    "angle_gap_closure": {
      "mean": -1.1915859355117266,
      "std": 0.9261226079648528,
      "min": -2.795245144726208,
      "max": 0.4660321126073342,
      "sum": -321853.3191113949,
      "count": 270105
    },
    "capture_penalty": {
      "mean": -10.0,
      "std": 0.0,
      "min": -10.0,
      "max": -10.0,
      "sum": -449870.0,
      "count": 44987
    },
    "collision_penalty": {
      "mean": 0.0,
      "std": 0.0,
      "min": 0.0,
      "max": 0.0,
      "sum": 0.0,
      "count": 270105
    },
    "boundary_penalty": {
      "mean": -0.3955402667373976,
      "std": 1.9964568656410926,
      "min": -20.0,
      "max": -0.0,
      "sum": -35612.46791570159,
      "count": 90035
    },
    "radial_shrink_self": {
      "mean": -0.13974272427103054,
      "std": 0.17300861096232945,
      "min": -2.218524243081184,
      "max": -1.2133825756421855e-07,
      "sum": -37745.2085392267,
      "count": 270105
    }
  },
  "collaboration_metrics": {
    "encirclement_angle_std": {
      "mean": 1.5775940793693497,
      "std": 0.6797958757078384,
      "min": 0.03798200722856888,
      "max": 2.9544115066358,
      "final": 1.0153390720315592
    },
    "min_agent_distance": {
      "mean": 0.8917818480442427,
      "std": 0.5898234872516916,
      "min": 0.23090788354325545,
      "max": 3.8692297008710077,
      "final": 0.31758667453121264
    },
    "avg_distance_to_prey": {
      "mean": 1.3300576246810933,
      "std": 0.9586610402031868,
      "min": 0.3393257338374749,
      "max": 10.795579780733798,
      "final": 0.491644752668591
    },
    "formation_quality": {
      "mean": 0.3123208414780085,
      "std": 0.14450293201359576,
      "min": 0.005368902869690338,
      "max": 0.8798910811898801,
      "final": 0.44297421575010354
    }
  },
  "metadata": {
    "timestamp": "2026-04-15T13:47:40.664246",
    "episode_count": 1400,
    "aggregated": true
  }
}