{
  "reward_components": {
    "angle_gap_closure": {
      "mean": 0.41159165542902615,
      "std": 0.5693213737536998,
      "min": -0.41590809669175255,
      "max": 1.8182428665003498,
      "sum": 322420.73487198306,
      "count": 783351
    },
    "collision_penalty": {
      "mean": -5.106267816087552e-06,
      "std": 0.0031957017317334364,
      "min": -2.0,
      "max": 0.0,
      "sum": -4.0,
      "count": 783351
    },
    "capture_penalty": {
      "mean": -10.0,
      "std": 0.0,
      "min": -10.0,
      "max": -10.0,
      "sum": -1383950.0,
      "count": 138395
    },
    "centroid_centrality": {
      "mean": 0.5716620007073896,
      "std": 0.41529945070793867,
      "min": -1.0,
      "max": 0.9995875605270608,
      "sum": 447811.99991613434,
      "count": 783351
    },
    "boundary_penalty": {
      "mean": -0.15584135464639381,
      "std": 1.145756682096048,
      "min": -20.0,
      "max": -0.0,
      "sum": -40692.827001202415,
      "count": 261117
    },
    "time_pressure": {
      "mean": -0.00716779824926324,
      "std": 0.001410575859454361,
      "min": -0.01,
      "max": -0.005308965608334646,
      "sum": -5614.901926358608,
      "count": 783351
    },
    "escape_reward": {
      "mean": -1.2846141060238987,
      "std": 0.6731341423143941,
      "min": -2.1910343916653536,
      "max": 0.1,
      "sum": -335434.58152264234,
      "count": 261117
    },
    "radial_shrink_team": {
      "mean": -0.13341542389152491,
      "std": 0.26811396332130527,
      "min": -1.1887914235473658,
      "max": 0.24106785736581576,
      "sum": -104511.10572084994,
      "count": 783351
    },
    "radial_shrink_self": {
      "mean": 0.26232464144646794,
      "std": 0.8837263465736981,
      "min": -1.7138752759195133,
      "max": 1.9999870896767964,
      "sum": 205492.2702017321,
      "count": 783351
    },
    "dense_capture": {
      "mean": 0.05849403593974457,
      "std": 0.1651944489264218,
      "min": 0.0,
      "max": 2.095331373017361,
      "sum": 45821.36154743485,
      "count": 783351
    },
    "velocity_alignment": {
      "mean": 0.15488166266503917,
      "std": 0.342307824883281,
      "min": -0.4999999916914366,
      "max": 0.4999999934035545,
      "sum": 121326.70533032109,
      "count": 783351
    },
    "near_collision_penalty": {
      "mean": -1.0927906375370447e-06,
      "std": 0.0004059922504949763,
      "min": -0.2357405855903949,
      "max": 0.0,
      "sum": -0.8560386387052815,
      "count": 783351
    }
  },
  "collaboration_metrics": {
    "encirclement_angle_std": {
      "mean": 1.30812925540318,
      "std": 0.6538859252887086,
      "min": 0.0034959757948471756,
      "max": 2.9559631612451405,
      "final": 0.4645415801768573
    },
    "min_agent_distance": {
      "mean": 0.9302156656987468,
      "std": 0.603527225069179,
      "min": 0.2103740909804499,
      "max": 8.668107778876532,
      "final": 0.9425733116369206
    },
    "avg_distance_to_prey": {
      "mean": 1.1761673271790056,
      "std": 0.7747177885024766,
      "min": 0.338657754111447,
      "max": 10.349796440808118,
      "final": 0.8350775986466049
    },
    "formation_quality": {
      "mean": 0.3313280388981495,
      "std": 0.13753599854362372,
      "min": 0.003910905640273853,
      "max": 0.8849924082476062,
      "final": 0.45043554463442004
    }
  },
  "metadata": {
    "timestamp": "2026-04-15T13:24:27.500356",
    "episode_count": 3000,
    "aggregated": true
  }
}