{
  "reward_components": {
    "escape_reward": {
      "mean": -1.0969794315157533,
      "std": 0.7506014105799129,
      "min": -2.151500074707345,
      "max": 0.1,
      "sum": -291159.1837334797,
      "count": 265419
    },
    "centroid_centrality": {
      "mean": -0.32605462715516736,
      "std": 0.3140171056310998,
      "min": -2.6210470112941353,
      "max": -0.00048022822730915595,
      "sum": -259623.2792546921,
      "count": 796257
    },
    "angle_gap_closure": {
      "mean": -1.892816269010649,
      "std": 1.8304310626452294,
      "min": -5.995509929261652,
      "max": 0.9987939479822784,
      "sum": -1507168.2039136123,
      "count": 796257
    },
    "velocity_alignment": {
      "mean": 0.17396565007828915,
      "std": 0.3309633414478875,
      "min": -0.49999999185880295,
      "max": 0.4999999918162178,
      "sum": 138521.36663438828,
      "count": 796257
    },
    "collision_penalty": {
      "mean": 0.0,
      "std": 0.0,
      "min": 0.0,
      "max": 0.0,
      "sum": 0.0,
      "count": 796257
    },
    "near_collision_penalty": {
      "mean": -1.133706684973717e-06,
      "std": 0.0005895734826919832,
      "min": -0.36620586960957285,
      "max": 0.0,
      "sum": -0.9027218838571169,
      "count": 796257
    },
    "dense_capture": {
      "mean": 0.06459627544508686,
      "std": 0.17800707217013936,
      "min": 0.0,
      "max": 1.8800397053282725,
      "sum": 51435.23649707853,
      "count": 796257
    },
    "time_pressure": {
      "mean": -0.010000000000000007,
      "std": 6.938893903907228e-18,
      "min": -0.01,
      "max": -0.01,
      "sum": -7962.570000000005,
      "count": 796257
    },
    "capture_penalty": {
      "mean": -10.0,
      "std": 0.0,
      "min": -10.0,
      "max": -10.0,
      "sum": -1138780.0,
      "count": 113878
    },
    "radial_shrink_self": {
      "mean": -0.6695845528117848,
      "std": 0.7582554295323433,
      "min": -10.470440674480185,
      "max": -7.121042715496628e-07,
      "sum": -533161.3872682533,
      "count": 796257
    },
    "radial_shrink_team": {
      "mean": -0.48174739886916107,
      "std": 0.4817249944072474,
      "min": -4.192741375250533,
      "max": 0.09470553852097603,
      "sum": -383594.7385813616,
      "count": 796257
    },
    "boundary_penalty": {
      "mean": -0.2889106809035405,
      "std": 1.4779076489394347,
      "min": -20.0,
      "max": -0.0,
      "sum": -76682.38401473682,
      "count": 265419
    }
  },
  "collaboration_metrics": {
    "encirclement_angle_std": {
      "mean": 1.3492470435801098,
      "std": 0.6047774637658637,
      "min": 0.003851438665728656,
      "max": 2.950948071164596,
      "final": 0.7079433296295614
    },
    "min_agent_distance": {
      "mean": 1.0009662533902175,
      "std": 0.68288776617312,
      "min": 0.2276413144631549,
      "max": 8.038994646240997,
      "final": 0.8660378946221998
    },
    "avg_distance_to_prey": {
      "mean": 1.3044383390801646,
      "std": 0.8088458315409593,
      "min": 0.34836100043130136,
      "max": 7.487902282084222,
      "final": 0.7103601248048376
    },
    "formation_quality": {
      "mean": 0.311809987510011,
      "std": 0.12952300516557055,
      "min": 0.013755921051312025,
      "max": 0.9456568977904514,
      "final": 0.35033365104744657
    }
  },
  "metadata": {
    "timestamp": "2026-04-15T12:29:15.755940",
    "episode_count": 3000,
    "aggregated": true
  }
}