{
  "reward_components": {
    "ring_shaping": {
      "mean": 0.07343124781164351,
      "std": 0.15099909139738374,
      "min": 0.0,
      "max": 1.458440115765585,
      "sum": 65695.11899219124,
      "count": 894648
    },
    "velocity_flow_alignment": {
      "mean": 0.9502183943889133,
      "std": 0.507574011250485,
      "min": 0.0,
      "max": 1.4999999875293022,
      "sum": 850110.9861032525,
      "count": 894648
    },
    "time_shaping": {
      "mean": -0.003000000000000002,
      "std": 1.734723475976807e-18,
      "min": -0.003,
      "max": -0.003,
      "sum": -2683.944000000002,
      "count": 894648
    },
    "angle_cover_global": {
      "mean": 0.14917949948939127,
      "std": 0.21665696555747488,
      "min": 9.543670314142366e-08,
      "max": 1.3181196613547042,
      "sum": 133463.14085918493,
      "count": 894648
    },
    "soft_capture_layer": {
      "mean": 0.03697496494305994,
      "std": 0.23684031811826506,
      "min": 0.0,
      "max": 3.977114021027867,
      "sum": 33079.57843637869,
      "count": 894648
    },
    "near_collision_penalty": {
      "mean": -1.838644339771589e-05,
      "std": 0.002443667690075364,
      "min": -0.777509427013657,
      "max": 0.0,
      "sum": -16.449394812879724,
      "count": 894648
    },
    "front_back_structure": {
      "mean": 0.1258869410092014,
      "std": 0.41591211763682473,
      "min": 0.0,
      "max": 1.5,
      "sum": 112624.5,
      "count": 894648
    },
    "escape_reward": {
      "mean": -0.3986751791372439,
      "std": 0.6525229900066624,
      "min": -2.1723997020965897,
      "max": 0.1,
      "sum": -118891.31722159231,
      "count": 298216
    },
    "collision_penalty": {
      "mean": -6.706548273734474e-06,
      "std": 0.0044854876929285685,
      "min": -3.0,
      "max": 0.0,
      "sum": -6.0,
      "count": 894648
    },
    "capture_penalty": {
      "mean": -10.0,
      "std": 0.0,
      "min": -10.0,
      "max": -10.0,
      "sum": -312520.0,
      "count": 31252
    },
    "centroid_orbit": {
      "mean": 0.07025006156581226,
      "std": 0.1778935041135749,
      "min": 0.0,
      "max": 0.7461557497538285,
      "sum": 62849.07707973081,
      "count": 894648
    },
    "approach_prey": {
      "mean": 0.5487904264972797,
      "std": 0.4803253358448381,
      "min": 0.007726540496419904,
      "max": 2.399410373432344,
      "sum": 490974.2574849383,
      "count": 894648
    },
    "local_sector_control": {
      "mean": 1.2374783093065238,
      "std": 0.9752224298718256,
      "min": 0.0,
      "max": 2.4999999875,
      "sum": 1107107.4944644629,
      "count": 894648
    },
    "tight_capture_layer": {
      "mean": 8.912243172877009e-06,
      "std": 0.0011594569412344726,
      "min": 0.0,
      "max": 0.34105624511835975,
      "sum": 7.9733205301280705,
      "count": 894648
    },
    "boundary_penalty": {
      "mean": -0.5436390785841277,
      "std": 2.1775323098359176,
      "min": -45.77350008768129,
      "max": -0.0,
      "sum": -648487.4858361769,
      "count": 1192864
    }
  },
  "collaboration_metrics": {
    "encirclement_angle_std": {
      "mean": 2.192559251320327,
      "std": 0.536776457245585,
      "min": 0.029225698094252118,
      "max": 2.953809055608453,
      "final": 2.7421864706271903
    },
    "min_agent_distance": {
      "mean": 0.9578992817694045,
      "std": 0.6508830276427681,
      "min": 0.17657502601921643,
      "max": 6.712762267053979,
      "final": 0.5223376631965092
    },
    "avg_distance_to_prey": {
      "mean": 2.0675403132699826,
      "std": 0.9627947724424892,
      "min": 0.37433694747697466,
      "max": 10.645987687183284,
      "final": 1.9039162863431223
    },
    "formation_quality": {
      "mean": 0.20442217383340794,
      "std": 0.06980935814636256,
      "min": 0.011576159830767034,
      "max": 0.6689623518801227,
      "final": 0.22011474629036756
    }
  },
  "metadata": {
    "timestamp": "2026-04-15T13:30:17.351551",
    "episode_count": 3000,
    "aggregated": true
  }
}