{
  "reward_components": {
    "centroid_centrality": {
      "mean": -0.2846753162497833,
      "std": 0.25300815792694836,
      "min": -2.79808292901233,
      "max": -0.000316746225138484,
      "sum": -51589.99951205073,
      "count": 181224
    },
    "near_collision_penalty": {
      "mean": 0.0,
      "std": 0.0,
      "min": 0.0,
      "max": 0.0,
      "sum": 0.0,
      "count": 181224
    },
    "boundary_penalty": {
      "mean": -0.3586475015523922,
      "std": 1.6004067671893714,
      "min": -17.72454098192661,
      "max": -0.0,
      "sum": -21665.17827377691,
      "count": 60408
    },
    "dense_capture": {
      "mean": 0.2780863732396792,
      "std": 0.589265476360062,
      "min": 0.0,
      "max": 5.042518839513108,
      "sum": 50395.92490398763,
      "count": 181224
    },
    "escape_reward": {
      "mean": -1.1842867297491968,
      "std": 0.7734454102325673,
      "min": -2.1032082035232866,
      "max": 0.1,
      "sum": -71540.39277068948,
      "count": 60408
    },
    "capture_penalty": {
      "mean": -10.0,
      "std": 0.0,
      "min": -10.0,
      "max": -10.0,
      "sum": -313810.0,
      "count": 31381
    },
    "angle_gap_closure": {
      "mean": -0.6639132579063792,
      "std": 0.5063990632339563,
      "min": -1.5971516093125078,
      "max": 0.2646728608289725,
      "sum": -120317.01625082566,
      "count": 181224
    },
    "radial_shrink_self": {
      "mean": -0.37014652009558857,
      "std": 0.44686318287925,
      "min": -4.820296594561087,
      "max": -7.604198955180053e-08,
      "sum": -67079.43295780294,
      "count": 181224
    },
    "collision_penalty": {
      "mean": 0.0,
      "std": 0.0,
      "min": 0.0,
      "max": 0.0,
      "sum": 0.0,
      "count": 181224
    },
    "time_pressure": {
      "mean": -0.0030000000000000014,
      "std": 1.3010426069826053e-18,
      "min": -0.003,
      "max": -0.003,
      "sum": -543.6720000000003,
      "count": 181224
    },
    "radial_shrink_team": {
      "mean": -0.2808605741164552,
      "std": 0.30278005649398615,
      "min": -3.05682812446314,
      "max": 0.05508603706442133,
      "sum": -50898.67668368048,
      "count": 181224
    },
    "velocity_alignment": {
      "mean": 0.7322552300210495,
      "std": 0.9357259961241516,
      "min": -1.4999999489193248,
      "max": 1.4999999719093582,
      "sum": 132702.22180533467,
      "count": 181224
    }
  },
  "collaboration_metrics": {
    "encirclement_angle_std": {
      "mean": 1.5633191125216679,
      "std": 0.6319082675642629,
      "min": 0.013703627807046615,
      "max": 2.9325791014689333,
      "final": 0.8360764622931975
    },
    "min_agent_distance": {
      "mean": 0.9782749474131912,
      "std": 0.7582233071612752,
      "min": 0.21773586862795127,
      "max": 7.428360837921217,
      "final": 0.29707862086461223
    },
    "avg_distance_to_prey": {
      "mean": 1.3835170868631055,
      "std": 0.965271239311351,
      "min": 0.34339184056200517,
      "max": 10.052587878947312,
      "final": 0.5146575773818691
    },
    "formation_quality": {
      "mean": 0.30386348361604304,
      "std": 0.14138558740225693,
      "min": 0.018343669458817814,
      "max": 0.9213139592859132,
      "final": 0.5058896882807541
    }
  },
  "metadata": {
    "timestamp": "2026-04-15T12:50:03.071065",
    "episode_count": 1000,
    "aggregated": true
  }
}