{
  "reward_components": {
    "radial_inward_team": {
      "mean": -0.3455729620514087,
      "std": 0.3298252285667699,
      "min": -4.468016196733319,
      "max": 0.06565448492764243,
      "sum": -306094.3612936937,
      "count": 885759
    },
    "encirclement_coverage": {
      "mean": 1.0946040357872964,
      "std": 0.46565826768413676,
      "min": 0.0020878656818764663,
      "max": 1.9973833787631117,
      "sum": 969555.3761349198,
      "count": 885759
    },
    "escape_reward": {
      "mean": -1.0598584194531213,
      "std": 0.7042679244809649,
      "min": -2.265101036604822,
      "max": 0.1,
      "sum": -312926.3779187924,
      "count": 295253
    },
    "team_focus": {
      "mean": -0.36323754384366935,
      "std": 0.3354386623974369,
      "min": -4.561962161786723,
      "max": -0.0005140630433751322,
      "sum": -321740.9235974247,
      "count": 885759
    },
    "multi_agent_capture": {
      "mean": 0.022076143426286894,
      "std": 0.10318769007397889,
      "min": 0.0,
      "max": 1.4420602564164717,
      "sum": 19554.142725124453,
      "count": 885759
    },
    "ring_compact_self": {
      "mean": -0.6595330761659682,
      "std": 0.4256745980360958,
      "min": -1.5,
      "max": 0.0,
      "sum": -584187.3580116918,
      "count": 885759
    },
    "encirclement_uniformity": {
      "mean": 1.7206725282275166,
      "std": 0.5708978414781838,
      "min": 0.33611715424250177,
      "max": 2.9947269543427617,
      "sum": 1524101.1779302768,
      "count": 885759
    },
    "boundary_penalty": {
      "mean": 0.016233810923847146,
      "std": 1.155403110884294,
      "min": -20.0,
      "max": 0.5,
      "sum": 19172.325506794565,
      "count": 1181012
    },
    "energy_penalty": {
      "mean": 0.02020728653239933,
      "std": 0.006250690185284457,
      "min": 3.046218274397228e-05,
      "max": 0.028284271247461905,
      "sum": 17898.7859116515,
      "count": 885759
    },
    "ring_radius_team": {
      "mean": -0.6178553758503956,
      "std": 0.6533703396059091,
      "min": -8.856032393466638,
      "max": -5.807632659227124e-06,
      "sum": -547270.9598578706,
      "count": 885759
    },
    "encirclement_quality": {
      "mean": 1.407638282007406,
      "std": 0.5152438273996987,
      "min": 0.16910250996218912,
      "max": 2.496055166552937,
      "sum": 1246828.277032598,
      "count": 885759
    },
    "capture_penalty": {
      "mean": -10.0,
      "std": 0.0,
      "min": -10.0,
      "max": -10.0,
      "sum": -1059130.0,
      "count": 105913
    },
    "ring_radius_self": {
      "mean": -0.6666116295964538,
      "std": 0.7561135971753606,
      "min": -9.685055598161634,
      "max": -1.1580247756270979e-07,
      "sum": -590457.2504197253,
      "count": 885759
    },
    "collision_penalty": {
      "mean": -1.6934628945345179e-06,
      "std": 0.001593797814650651,
      "min": -1.5,
      "max": 0.0,
      "sum": -1.5,
      "count": 885759
    },
    "radial_inward_self": {
      "mean": -0.3513683662223969,
      "std": 0.3951534094527299,
      "min": -4.882527799080817,
      "max": 0.030604040664192887,
      "sum": -311227.6926967841,
      "count": 885759
    },
    "time_penalty": {
      "mean": -0.0010000000000000009,
      "std": 8.673617379884035e-19,
      "min": -0.001,
      "max": -0.001,
      "sum": -885.7590000000007,
      "count": 885759
    },
    "near_collision_penalty": {
      "mean": -8.194068813115337e-06,
      "std": 0.0017172833555252965,
      "min": -0.6879801343553307,
      "max": 0.0,
      "sum": -7.257970197836228,
      "count": 885759
    }
  },
  "collaboration_metrics": {
    "encirclement_angle_std": {
      "mean": 1.4645533258999603,
      "std": 0.62492807272557,
      "min": 0.009949036997231115,
      "max": 2.9583854828534166,
      "final": 1.8301995432891864
    },
    "min_agent_distance": {
      "mean": 1.017234924527892,
      "std": 0.6593982764714192,
      "min": 0.17435738342889195,
      "max": 9.217162423631931,
      "final": 0.3613013855837634
    },
    "avg_distance_to_prey": {
      "mean": 1.3707551801581437,
      "std": 0.8468272340546147,
      "min": 0.35401716521884913,
      "max": 11.670040481833295,
      "final": 0.5556779336473565
    },
    "formation_quality": {
      "mean": 0.2814603324620147,
      "std": 0.10496652960279694,
      "min": 0.01046331225097504,
      "max": 0.7999624422252378,
      "final": 0.3691610398959234
    }
  },
  "metadata": {
    "timestamp": "2026-04-15T14:21:23.911504",
    "episode_count": 3000,
    "aggregated": true
  }
}