{
  "reward_components": {
    "collision_penalty": {
      "mean": 0.0,
      "std": 0.0,
      "min": 0.0,
      "max": 0.0,
      "sum": 0.0,
      "count": 805062
    },
    "radial_shrink_team": {
      "mean": 0.5980987650305294,
      "std": 0.2657359433361439,
      "min": 4.843813982082827e-36,
      "max": 0.7999999999966732,
      "sum": 481506.58797300805,
      "count": 805062
    },
    "velocity_alignment": {
      "mean": 0.5509394084830943,
      "std": 0.9944683339045756,
      "min": -1.4999999730666091,
      "max": 1.4999999796444916,
      "sum": 443540.38207221683,
      "count": 805062
    },
    "near_collision_penalty": {
      "mean": -3.59529460584778e-06,
      "std": 0.0010482999445648397,
      "min": -0.464104899085943,
      "max": 0.0,
      "sum": -2.8944350659730254,
      "count": 805062
    },
    "escape_reward": {
      "mean": -1.2409609778519262,
      "std": 0.6869466982108643,
      "min": -2.1665609406695734,
      "max": 0.1,
      "sum": -333016.8422504758,
      "count": 268354
    },
    "capture_penalty": {
      "mean": -10.0,
      "std": 0.0,
      "min": -10.0,
      "max": -10.0,
      "sum": -1345740.0,
      "count": 134574
    },
    "time_pressure": {
      "mean": -0.003000000000000002,
      "std": 1.734723475976807e-18,
      "min": -0.003,
      "max": -0.003,
      "sum": -2415.1860000000015,
      "count": 805062
    },
    "radial_shrink_self": {
      "mean": 0.6811577242607529,
      "std": 0.35092787944424053,
      "min": 7.283827719632566e-113,
      "max": 0.9999999999990654,
      "sum": 548374.1998088103,
      "count": 805062
    },
    "centroid_centrality": {
      "mean": 0.5170481884432648,
      "std": 0.21026504757066616,
      "min": 2.032335117599206e-17,
      "max": 0.699998992718039,
      "sum": 416255.8486845117,
      "count": 805062
    },
    "dense_capture": {
      "mean": 0.1326090240475165,
      "std": 0.3928706056046533,
      "min": 0.0,
      "max": 4.885600544682809,
      "sum": 106758.48611774175,
      "count": 805062
    },
    "angle_gap_closure": {
      "mean": 0.1732964205293818,
      "std": 0.1812601059914749,
      "min": 0.001535669927239422,
      "max": 0.7672939768441542,
      "sum": 139514.36290422516,
      "count": 805062
    },
    "boundary_penalty": {
      "mean": -0.2997343930822208,
      "std": 1.614306575817889,
      "min": -20.0,
      "max": -0.0,
      "sum": -80434.92332118627,
      "count": 268354
    }
  },
  "collaboration_metrics": {
    "encirclement_angle_std": {
      "mean": 1.4076506345299307,
      "std": 0.62016721770295,
      "min": 0.01224536929649954,
      "max": 2.9378179546433465,
      "final": 0.6810190601897107
    },
    "min_agent_distance": {
      "mean": 0.9070391878763291,
      "std": 0.5853078515208646,
      "min": 0.190061406066045,
      "max": 8.841661239923924,
      "final": 0.8945535623761472
    },
    "avg_distance_to_prey": {
      "mean": 1.1928109188080198,
      "std": 0.7491975389980365,
      "min": 0.34351885558424905,
      "max": 9.848441588130228,
      "final": 0.7002818204012953
    },
    "formation_quality": {
      "mean": 0.31417577983486245,
      "std": 0.12406808076320283,
      "min": 0.00873970942647598,
      "max": 0.8892042359153141,
      "final": 0.3659420803306168
    }
  },
  "metadata": {
    "timestamp": "2026-04-15T14:17:04.963836",
    "episode_count": 3000,
    "aggregated": true
  }
}