{
  "reward_components": {
    "elastic_ring_reward": {
      "mean": -5.187961702977991,
      "std": 3.65911914592978,
      "min": -12.500136069082721,
      "max": -0.021716831823305416,
      "sum": -15470.50179828037,
      "count": 2982
    },
    "distance_penalty": {
      "mean": -0.03174487052514841,
      "std": 0.01614691339508066,
      "min": -0.06570041352539979,
      "max": -0.000762182150523566,
      "sum": -0.5714076694526714,
      "count": 18
    },
    "boundary_penalty": {
      "mean": -0.026428624700771345,
      "std": 0.16274359977446842,
      "min": -1.2926672243667998,
      "max": -0.0,
      "sum": -105.71449880308538,
      "count": 4000
    },
    "in_range_reward": {
      "mean": 2.0,
      "std": 0.0,
      "min": 2.0,
      "max": 2.0,
      "sum": 36.0,
      "count": 18
    },
    "escape_reward": {
      "mean": -0.4038515647179006,
      "std": 0.5055443990934663,
      "min": -1.9628016541015991,
      "max": 0.1,
      "sum": -403.8515647179006,
      "count": 1000
    },
    "angle_penalty": {
      "mean": -0.002638239341085631,
      "std": 0.016770184227625832,
      "min": -0.15087788357484433,
      "max": -0.0,
      "sum": -7.914718023256894,
      "count": 3000
    },
    "global_cooperation_reward": {
      "mean": 0.0,
      "std": 0.0,
      "min": 0.0,
      "max": 0.0,
      "sum": 0.0,
      "count": 3000
    },
    "collision_penalty": {
      "mean": -0.0007426298311492357,
      "std": 0.015041434733655821,
      "min": -0.371147179457918,
      "max": -0.0,
      "sum": -2.227889493447707,
      "count": 3000
    },
    "capture_penalty": {
      "mean": -10.0,
      "std": 0.0,
      "min": -10.0,
      "max": -10.0,
      "sum": -180.0,
      "count": 18
    }
  },
  "collaboration_metrics": {
    "encirclement_angle_std": {
      "mean": 1.9241704873272076,
      "std": 0.6664060291177942,
      "min": 0.6847295899630721,
      "max": 2.8980827751561176,
      "final": 2.706742819447296
    },
    "min_agent_distance": {
      "mean": 1.135285620279304,
      "std": 0.5114753513628381,
      "min": 0.37322080237926997,
      "max": 2.31600799558556,
      "final": 1.0913616984513652
    },
    "avg_distance_to_prey": {
      "mean": 2.224674554824994,
      "std": 0.7389673832668774,
      "min": 1.2548900079991563,
      "max": 3.622707960824505,
      "final": 3.5804695764691115
    },
    "formation_quality": {
      "mean": 0.1574941952210125,
      "std": 0.0703150584950087,
      "min": 0.05062277712435854,
      "max": 0.326249540514066,
      "final": 0.086751210209966
    }
  },
  "metadata": {
    "timestamp": "2026-02-03T14:56:53.715381",
    "episode_count": 10,
    "aggregated": true
  }
}