{
  "reward_components": {
    "boundary_penalty": {
      "mean": -0.20846491688356888,
      "std": 1.1978281551446273,
      "min": -20.0,
      "max": -0.0,
      "sum": -307576.64310702536,
      "count": 1475436
    },
    "angle_penalty": {
      "mean": -0.0852907574805139,
      "std": 0.1612260113263268,
      "min": -0.978708814234363,
      "max": -0.0,
      "sum": -94380.79054051463,
      "count": 1106577
    },
    "in_range_reward": {
      "mean": 2.0,
      "std": 0.0,
      "min": 2.0,
      "max": 2.0,
      "sum": 634496.0,
      "count": 317248
    },
    "collision_penalty": {
      "mean": -0.09571483616035653,
      "std": 0.22397444119741217,
      "min": -2.423450916369667,
      "max": -0.0,
      "sum": -105915.83625381885,
      "count": 1106577
    },
    "escape_reward": {
      "mean": -1.2785245251854218,
      "std": 0.7518952900351822,
      "min": -2.2691017387070014,
      "max": 0.1,
      "sum": -471595.2778353695,
      "count": 368859
    },
    "distance_penalty": {
      "mean": -0.03532643192771491,
      "std": 0.017622904457510715,
      "min": -0.1422754346767503,
      "max": -1.4363111613957535e-07,
      "sum": -11207.2398762037,
      "count": 317248
    },
    "capture_penalty": {
      "mean": -10.0,
      "std": 0.0,
      "min": -10.0,
      "max": -10.0,
      "sum": -2133810.0,
      "count": 213381
    },
    "elastic_ring_reward": {
      "mean": -3.130217510673571,
      "std": 3.027719394746971,
      "min": -35.57929415378839,
      "max": -2.9027829713257347e-06,
      "sum": -2470771.457482459,
      "count": 789329
    },
    "global_cooperation_reward": {
      "mean": 0.015653677963666332,
      "std": 0.23392104295319868,
      "min": 0.0,
      "max": 5.0,
      "sum": 17322.0,
      "count": 1106577
    }
  },
  "collaboration_metrics": {
    "encirclement_angle_std": {
      "mean": 1.8911151639728025,
      "std": 0.6129668237183148,
      "min": 0.016707616196864308,
      "max": 2.956340025745708,
      "final": 1.3916686154098277
    },
    "min_agent_distance": {
      "mean": 0.7175296841143304,
      "std": 0.5261192164673617,
      "min": 0.17959180415245812,
      "max": 4.959533004979153,
      "final": 0.42111666808134746
    },
    "avg_distance_to_prey": {
      "mean": 1.2032012437982416,
      "std": 0.8451062353321093,
      "min": 0.313799667938504,
      "max": 9.90250390934414,
      "final": 0.5862738232157455
    },
    "formation_quality": {
      "mean": 0.31140595710769015,
      "std": 0.1353650422705744,
      "min": 0.01981404532580036,
      "max": 0.9704616802187314,
      "final": 0.36042492609404586
    }
  },
  "metadata": {
    "timestamp": "2026-02-03T17:00:58.366603",
    "episode_count": 5000,
    "aggregated": true
  }
}