{
  "reward_components": {
    "collision_penalty": {
      "mean": 0.0,
      "std": 0.0,
      "min": 0.0,
      "max": 0.0,
      "sum": 0.0,
      "count": 893391
    },
    "time_penalty": {
      "mean": -0.010000000000000005,
      "std": 5.204170427930421e-18,
      "min": -0.01,
      "max": -0.01,
      "sum": -8933.910000000005,
      "count": 893391
    },
    "capture_penalty": {
      "mean": -10.0,
      "std": 0.0,
      "min": -10.0,
      "max": -10.0,
      "sum": -445060.0,
      "count": 44506
    },
    "near_collision_penalty": {
      "mean": -3.559164057831719e-05,
      "std": 0.002572108818134339,
      "min": -0.47335821644940856,
      "max": 0.0,
      "sum": -31.79725136790337,
      "count": 893391
    },
    "center_in_triangle": {
      "mean": 0.09355030440199195,
      "std": 0.29120206892858197,
      "min": 0.0,
      "max": 1.0,
      "sum": 83577.0,
      "count": 893391
    },
    "distance_self": {
      "mean": -0.6499146733028558,
      "std": 0.4033533439595899,
      "min": -5.793007630562538,
      "max": -0.05755824836555743,
      "sum": -580627.9198967116,
      "count": 893391
    },
    "formation_angle": {
      "mean": -0.5459453981830278,
      "std": 0.18940947657082727,
      "min": -0.8883695267612222,
      "max": -0.0025613148048162305,
      "sum": -487742.70522813336,
      "count": 893391
    },
    "velocity_diversity": {
      "mean": 0.0027825863004219452,
      "std": 0.0024301283389175725,
      "min": 2.6397342102314607e-09,
      "max": 0.0205760192613934,
      "sum": 2485.937557520262,
      "count": 893391
    },
    "cohesion_reward": {
      "mean": -0.2483728117285879,
      "std": 0.12869703611721048,
      "min": -1.6301170062306833,
      "max": -0.05243276888658945,
      "sum": -221894.0346430149,
      "count": 893391
    },
    "distance_team": {
      "mean": -0.32495733665142795,
      "std": 0.16629262152296756,
      "min": -2.242209620557277,
      "max": -0.06685514435366934,
      "sum": -290313.95994835586,
      "count": 893391
    },
    "escape_reward": {
      "mean": -0.6741225330519964,
      "std": 0.6766013698800128,
      "min": -2.212208758172213,
      "max": 0.1,
      "sum": -200751.66797528538,
      "count": 297797
    },
    "boundary_penalty": {
      "mean": -0.6147951093769792,
      "std": 2.1566164652451727,
      "min": -20.0,
      "max": -0.0,
      "sum": -183084.1391871363,
      "count": 297797
    },
    "capture_bonus": {
      "mean": 0.001040977578686152,
      "std": 0.07213739847756803,
      "min": 0.0,
      "max": 5.0,
      "sum": 930.0,
      "count": 893391
    },
    "formation_radius": {
      "mean": -1.3089928540425704,
      "std": 2.6456398298009574,
      "min": -83.38077004427939,
      "max": -3.592026050344077e-06,
      "sum": -1169442.434865946,
      "count": 893391
    }
  },
  "collaboration_metrics": {
    "encirclement_angle_std": {
      "mean": 1.8522978785241022,
      "std": 0.6132015152654018,
      "min": 0.020722751821508935,
      "max": 2.954327772061689,
      "final": 0.9409602416194226
    },
    "min_agent_distance": {
      "mean": 0.9492808969703711,
      "std": 0.705890786451416,
      "min": 0.19444249951156867,
      "max": 7.476698334930277,
      "final": 1.714512481596281
    },
    "avg_distance_to_prey": {
      "mean": 1.630196175266171,
      "std": 0.8428517267378525,
      "min": 0.3708590538536316,
      "max": 11.211048102786386,
      "final": 1.3428001055766334
    },
    "formation_quality": {
      "mean": 0.2407312645529668,
      "std": 0.07790127180997823,
      "min": 0.007218724868595278,
      "max": 0.8060462387240763,
      "final": 0.29535192758855566
    }
  },
  "metadata": {
    "timestamp": "2026-04-15T11:36:45.510521",
    "episode_count": 3000,
    "aggregated": true
  }
}