{
  "reward_components": {
    "boundary_penalty": {
      "mean": -0.38274349143809205,
      "std": 1.809039950595581,
      "min": -20.0,
      "max": -0.0,
      "sum": -113425.65094418715,
      "count": 296349
    },
    "escape_reward": {
      "mean": -0.49633585109137934,
      "std": 0.6586394274137075,
      "min": -2.2672646321320418,
      "max": 0.1,
      "sum": -147088.63313507917,
      "count": 296349
    },
    "formation_angle": {
      "mean": -0.5907634027030789,
      "std": 0.18175169955106416,
      "min": -0.8887444402478336,
      "max": -0.0030422945587105206,
      "sum": -525216.4308829642,
      "count": 889047
    },
    "near_collision_penalty": {
      "mean": -3.693543517234568e-05,
      "std": 0.002547360142162838,
      "min": -0.4712509729228899,
      "max": 0.0,
      "sum": -32.83733783366841,
      "count": 889047
    },
    "distance_team": {
      "mean": -0.36464428156053325,
      "std": 0.17830363618531572,
      "min": -2.453675527684808,
      "max": -0.06865878337813712,
      "sum": -324185.9045885474,
      "count": 889047
    },
    "formation_radius": {
      "mean": -1.4711899383646596,
      "std": 2.701040375436131,
      "min": -73.31742142725301,
      "max": -1.98811761901773e-06,
      "sum": -1307957.0011332855,
      "count": 889047
    },
    "velocity_diversity": {
      "mean": 0.003014225117237244,
      "std": 0.0025723889368595163,
      "min": 9.110595784733722e-08,
      "max": 0.019961250946756257,
      "sum": 2679.78779780442,
      "count": 889047
    },
    "capture_bonus": {
      "mean": 0.0016534558915332934,
      "std": 0.09090954593045346,
      "min": 0.0,
      "max": 5.0,
      "sum": 1470.0,
      "count": 889047
    },
    "time_penalty": {
      "mean": -0.010000000000000007,
      "std": 6.938893903907228e-18,
      "min": -0.01,
      "max": -0.01,
      "sum": -8890.470000000007,
      "count": 889047
    },
    "center_in_triangle": {
      "mean": 0.05619725391346014,
      "std": 0.23030224177381822,
      "min": 0.0,
      "max": 1.0,
      "sum": 49962.0,
      "count": 889047
    },
    "distance_self": {
      "mean": -0.7292885631210667,
      "std": 0.4310432587194392,
      "min": -5.63080789261,
      "max": -0.046547073573591655,
      "sum": -648371.809177095,
      "count": 889047
    },
    "collision_penalty": {
      "mean": -5.623999631065624e-07,
      "std": 0.0005302826277180515,
      "min": -0.5,
      "max": 0.0,
      "sum": -0.5,
      "count": 889047
    },
    "capture_penalty": {
      "mean": -10.0,
      "std": 0.0,
      "min": -10.0,
      "max": -10.0,
      "sum": -350800.0,
      "count": 35080
    }
  },
  "collaboration_metrics": {
    "encirclement_angle_std": {
      "mean": 1.9962339760511063,
      "std": 0.5837712175480843,
      "min": 0.02652725020494899,
      "max": 2.957240956065605,
      "final": 1.316549980347962
    },
    "min_agent_distance": {
      "mean": 0.9461903634111439,
      "std": 0.689318139955368,
      "min": 0.18693066102024802,
      "max": 8.43426943831098,
      "final": 1.0440175057342866
    },
    "avg_distance_to_prey": {
      "mean": 1.8247440972855582,
      "std": 0.904296448870468,
      "min": 0.3677742078333481,
      "max": 11.844498983231972,
      "final": 1.964188658015796
    },
    "formation_quality": {
      "mean": 0.22402021421567125,
      "std": 0.07535721995839342,
      "min": 0.007927729109008184,
      "max": 0.8420907726080922,
      "final": 0.20846244407382947
    }
  },
  "metadata": {
    "timestamp": "2026-04-15T10:37:21.122070",
    "episode_count": 3000,
    "aggregated": true
  }
}