{
  "reward_components": {
    "escape_reward": {
      "mean": -0.6604226622723663,
      "std": 0.7201869718845367,
      "min": -2.1658392720606163,
      "max": 0.1,
      "sum": -197033.79917564912,
      "count": 298345
    },
    "collision_penalty": {
      "mean": 0.0,
      "std": 0.0,
      "min": 0.0,
      "max": 0.0,
      "sum": 0.0,
      "count": 895035
    },
    "formation_radius_reward": {
      "mean": 0.10432047366216707,
      "std": 0.1613854634600185,
      "min": 0.0,
      "max": 0.4999986403151781,
      "sum": 93370.47514421771,
      "count": 895035
    },
    "formation_angle_reward": {
      "mean": 0.49724158870099094,
      "std": 0.16054482408500317,
      "min": 0.0848900006245629,
      "max": 0.7499971730568618,
      "sum": 445048.62534299144,
      "count": 895035
    },
    "capture_penalty": {
      "mean": -10.0,
      "std": 0.0,
      "min": -10.0,
      "max": -10.0,
      "sum": -552540.0,
      "count": 55254
    },
    "boundary_penalty": {
      "mean": -0.5768708557126498,
      "std": 2.1433041683493697,
      "min": -20.0,
      "max": -0.0,
      "sum": -172106.53544759052,
      "count": 298345
    },
    "capture_bonus": {
      "mean": 0.08276040422293783,
      "std": 0.35629867732734755,
      "min": 0.0,
      "max": 3.329196360303081,
      "sum": 74073.45839367717,
      "count": 895035
    },
    "time_penalty": {
      "mean": -0.010000000000000007,
      "std": 6.938893903907228e-18,
      "min": -0.01,
      "max": -0.01,
      "sum": -8950.350000000006,
      "count": 895035
    },
    "distance_reward": {
      "mean": 0.47183150140666147,
      "std": 0.28256842573104163,
      "min": 0.0,
      "max": 0.9527425366535658,
      "sum": 422305.70786151127,
      "count": 895035
    },
    "speed_penalty": {
      "mean": -0.003175055734765525,
      "std": 0.0017508227385762173,
      "min": -0.010000000000000005,
      "max": -5.500266775679076e-10,
      "sum": -2841.7860095658616,
      "count": 895035
    },
    "crowding_penalty": {
      "mean": -1.3027725233609546e-07,
      "std": 6.171180118599516e-05,
      "min": -0.03069753261648554,
      "max": 0.0,
      "sum": -0.11660270054463719,
      "count": 895035
    },
    "formation_spread_reward": {
      "mean": 0.011192949309517643,
      "std": 0.05122003241667792,
      "min": 0.0,
      "max": 0.49995398043964084,
      "sum": 10018.081385244124,
      "count": 895035
    }
  },
  "collaboration_metrics": {
    "encirclement_angle_std": {
      "mean": 1.705628926065067,
      "std": 0.6447472201439371,
      "min": 0.01922447709226507,
      "max": 2.9500155968484956,
      "final": 0.9603211684321941
    },
    "min_agent_distance": {
      "mean": 1.3537689933887913,
      "std": 0.912101702998977,
      "min": 0.18156791003550324,
      "max": 10.854025662058794,
      "final": 1.223998217523311
    },
    "avg_distance_to_prey": {
      "mean": 1.9998991328071356,
      "std": 1.02358173795823,
      "min": 0.3546443958387268,
      "max": 10.531591685668285,
      "final": 1.1910116723248143
    },
    "formation_quality": {
      "mean": 0.2101443130920807,
      "std": 0.09283653846113353,
      "min": 0.005109359625977321,
      "max": 0.7089360575584622,
      "final": 0.33895128653072343
    }
  },
  "metadata": {
    "timestamp": "2026-04-15T10:36:54.327318",
    "episode_count": 3000,
    "aggregated": true
  }
}