{
  "reward_components": {
    "angle_spread_field": {
      "mean": 0.36940341061942167,
      "std": 0.22042087477186725,
      "min": 0.09059681161505871,
      "max": 0.9999936509273208,
      "sum": 325841.51342212636,
      "count": 882075
    },
    "ring_field": {
      "mean": 0.4057263572987981,
      "std": 0.3824929831751225,
      "min": 4.12034557234715e-255,
      "max": 1.4969315953745848,
      "sum": 357881.07661433733,
      "count": 882075
    },
    "collision_penalty": {
      "mean": 0.0,
      "std": 0.0,
      "min": 0.0,
      "max": 0.0,
      "sum": 0.0,
      "count": 882075
    },
    "close_potential": {
      "mean": 1.1236028504747866,
      "std": 0.7032474829638632,
      "min": 1.869563582126353e-17,
      "max": 2.5558797699507467,
      "sum": 991101.9843325473,
      "count": 882075
    },
    "capture_signal": {
      "mean": 0.003128985630473599,
      "std": 0.1581837364987725,
      "min": 0.0,
      "max": 8.0,
      "sum": 2760.0,
      "count": 882075
    },
    "escape_reward": {
      "mean": -0.8941155848172906,
      "std": 0.7318572806151318,
      "min": -2.1692252227058733,
      "max": 0.1,
      "sum": -262892.3348259039,
      "count": 294025
    },
    "capture_penalty": {
      "mean": -10.0,
      "std": 0.0,
      "min": -10.0,
      "max": -10.0,
      "sum": -842060.0,
      "count": 84206
    },
    "radial_speed": {
      "mean": 0.061862161774701566,
      "std": 0.11787999476196925,
      "min": -0.499699503241354,
      "max": 0.4999999177339523,
      "sum": 54567.06634741988,
      "count": 882075
    },
    "near_collision_penalty": {
      "mean": -0.0004994913613606766,
      "std": 0.008663216854262535,
      "min": -0.426185480203344,
      "max": 0.0,
      "sum": -440.5888425722188,
      "count": 882075
    },
    "boundary_field": {
      "mean": -0.15254691868895418,
      "std": 0.6105075185118245,
      "min": -14.601376457795192,
      "max": 0.0,
      "sum": -134557.82330255926,
      "count": 882075
    },
    "time_penalty": {
      "mean": -0.0020000000000000013,
      "std": 1.3010426069826053e-18,
      "min": -0.002,
      "max": -0.002,
      "sum": -1764.1500000000012,
      "count": 882075
    },
    "tangential_speed": {
      "mean": 0.034169547022890295,
      "std": 0.045081767973194915,
      "min": 1.2611566711934429e-194,
      "max": 0.29028820879234457,
      "sum": 30140.103190215956,
      "count": 882075
    },
    "boundary_penalty": {
      "mean": -0.950846532789788,
      "std": 2.673796430618878,
      "min": -20.0,
      "max": -0.0,
      "sum": -279572.6518035174,
      "count": 294025
    }
  },
  "collaboration_metrics": {
    "encirclement_angle_std": {
      "mean": 1.8598201504606278,
      "std": 0.6527692755988244,
      "min": 0.013008635798495479,
      "max": 2.950890548203552,
      "final": 1.9426264926745311
    },
    "min_agent_distance": {
      "mean": 0.8945318579869818,
      "std": 0.571720717863604,
      "min": 0.17624991429463394,
      "max": 7.972888457473567,
      "final": 0.7818259109689532
    },
    "avg_distance_to_prey": {
      "mean": 1.4931964759153413,
      "std": 0.7984417728958133,
      "min": 0.34480531334657066,
      "max": 12.69125408022388,
      "final": 1.1375752358434008
    },
    "formation_quality": {
      "mean": 0.24922476261363427,
      "std": 0.09878484136936046,
      "min": 0.006411303123137407,
      "max": 0.7967217268585067,
      "final": 0.20983821965082655
    }
  },
  "metadata": {
    "timestamp": "2026-04-15T11:34:46.040277",
    "episode_count": 3000,
    "aggregated": true
  }
}