{
  "reward_components": {
    "collision_penalty": {
      "mean": -1.5727647474218454e-06,
      "std": 0.0012540981914638473,
      "min": -1.0,
      "max": 0.0,
      "sum": -1.0,
      "count": 635823
    },
    "velocity_alignment": {
      "mean": 0.6790319471922077,
      "std": 0.9630091315635867,
      "min": -1.4999999418050651,
      "max": 1.4999999721652215,
      "sum": 431744.1297595911,
      "count": 635823
    },
    "radial_shrink_team": {
      "mean": -0.18791230752391386,
      "std": 0.24929689056716936,
      "min": -3.4349606728927164,
      "max": 0.05456013034851934,
      "sum": -119478.96710677748,
      "count": 635823
    },
    "angle_gap_closure": {
      "mean": -0.4775815092116633,
      "std": 0.49959542233128607,
      "min": -1.5981539580843493,
      "max": 0.2664439275613291,
      "sum": -303657.3079314874,
      "count": 635823
    },
    "safe_compact_formation": {
      "mean": 0.2894750954266633,
      "std": 0.2526104427543256,
      "min": 0.0,
      "max": 0.795767682213615,
      "sum": 184054.92359946732,
      "count": 635823
    },
    "capture_penalty": {
      "mean": -10.0,
      "std": 0.0,
      "min": -10.0,
      "max": -10.0,
      "sum": -1264820.0,
      "count": 126482
    },
    "radial_shrink_self": {
      "mean": -0.2547911244357333,
      "std": 0.35706180511413704,
      "min": -5.539019713285937,
      "max": -1.7796815648507545e-07,
      "sum": -162002.05711210126,
      "count": 635823
    },
    "near_collision_penalty": {
      "mean": -1.3786186157989703e-06,
      "std": 0.0007773141519282115,
      "min": -0.4382787120765744,
      "max": 0.0,
      "sum": -0.8765574241531487,
      "count": 635823
    },
    "centroid_centrality": {
      "mean": -0.1959188376364802,
      "std": 0.22299344705986646,
      "min": -2.781150052879772,
      "max": -6.28803591251722e-05,
      "sum": -124569.70310253974,
      "count": 635823
    },
    "escape_reward": {
      "mean": -1.3430149487435352,
      "std": 0.6873045265640593,
      "min": -2.3066476061752157,
      "max": 0.1,
      "sum": -284639.9312516536,
      "count": 211941
    },
    "dense_capture": {
      "mean": 0.24905802859306495,
      "std": 0.5381650263056817,
      "min": 0.0,
      "max": 5.062413010921737,
      "sum": 158356.82291412834,
      "count": 635823
    },
    "time_pressure": {
      "mean": -0.0030000000000000022,
      "std": 2.168404344971009e-18,
      "min": -0.003,
      "max": -0.003,
      "sum": -1907.4690000000014,
      "count": 635823
    },
    "boundary_penalty": {
      "mean": -0.11086446655930457,
      "std": 0.9056766364891979,
      "min": -20.0,
      "max": -0.0,
      "sum": -23496.72590704557,
      "count": 211941
    }
  },
  "collaboration_metrics": {
    "encirclement_angle_std": {
      "mean": 1.3036647108701052,
      "std": 0.6345746153121351,
      "min": 0.005514376962666669,
      "max": 2.9418719552025725,
      "final": 0.5699878053800682
    },
    "min_agent_distance": {
      "mean": 0.8139397269238745,
      "std": 0.5407080235384555,
      "min": 0.2192813372171899,
      "max": 6.687791741158529,
      "final": 0.6038905634321851
    },
    "avg_distance_to_prey": {
      "mean": 1.0874671982812398,
      "std": 0.7777097750362305,
      "min": 0.3294995826608771,
      "max": 10.701059784314337,
      "final": 0.4459088419370072
    },
    "formation_quality": {
      "mean": 0.35453237620114075,
      "std": 0.14573819098179305,
      "min": 0.02127372297139405,
      "max": 0.9514539301066487,
      "final": 0.6073506945526987
    }
  },
  "metadata": {
    "timestamp": "2026-04-15T14:08:25.692734",
    "episode_count": 3000,
    "aggregated": true
  }
}