{
  "reward_components": {
    "time_penalty": {
      "mean": -0.0020000000000000013,
      "std": 1.3010426069826053e-18,
      "min": -0.002,
      "max": -0.002,
      "sum": -1797.4560000000013,
      "count": 898728
    },
    "formation_radius": {
      "mean": -0.4041718611728784,
      "std": 0.6336513774705329,
      "min": -16.20873994053813,
      "max": -3.8156043296611717e-07,
      "sum": -363240.56844817864,
      "count": 898728
    },
    "cooperative_shrink": {
      "mean": -0.005532422967757728,
      "std": 0.010620489720829499,
      "min": -0.037286330975373115,
      "max": 0.036783304904310726,
      "sum": -4972.143428966967,
      "count": 898728
    },
    "distance_self": {
      "mean": -0.6574127658696866,
      "std": 0.3804514990153583,
      "min": -4.9140678584864546,
      "max": -0.052618400443707775,
      "sum": -590835.2602445317,
      "count": 898728
    },
    "center_in_triangle": {
      "mean": 1.5670046999759661,
      "std": 1.4985027094340309,
      "min": 0.0,
      "max": 3.0,
      "sum": 1408311.0,
      "count": 898728
    },
    "escape_reward": {
      "mean": -0.4118403637708664,
      "std": 0.6482629702834016,
      "min": -2.1711349972268263,
      "max": 0.1,
      "sum": -123377.48881702108,
      "count": 299576
    },
    "formation_angle": {
      "mean": -0.09253804107807811,
      "std": 0.06415776015395934,
      "min": -0.26658202181154206,
      "max": -0.0002797411192489059,
      "sum": -83166.52858201899,
      "count": 898728
    },
    "distance_team": {
      "mean": -0.16435319146742156,
      "std": 0.07627298820481007,
      "min": -0.9309903133929691,
      "max": -0.028957211673880597,
      "sum": -147708.81506113283,
      "count": 898728
    },
    "near_collision_penalty": {
      "mean": -1.4532274585600687e-05,
      "std": 0.001271661488430362,
      "min": -0.2624173496991435,
      "max": 0.0,
      "sum": -13.060562073767734,
      "count": 898728
    },
    "velocity_diversity": {
      "mean": 0.008822410696743064,
      "std": 0.006270747796031174,
      "min": 0.0,
      "max": 0.04909657121540321,
      "sum": 7928.947520662499,
      "count": 898728
    },
    "capture_bonus": {
      "mean": 0.00040056613346863565,
      "std": 0.07751342818378144,
      "min": 0.0,
      "max": 15.0,
      "sum": 360.0,
      "count": 898728
    },
    "boundary_penalty": {
      "mean": -0.3357131231644945,
      "std": 1.7162927392123368,
      "min": -20.0,
      "max": -0.0,
      "sum": -100571.5945851266,
      "count": 299576
    },
    "capture_penalty": {
      "mean": -10.0,
      "std": 0.0,
      "min": -10.0,
      "max": -10.0,
      "sum": -313160.0,
      "count": 31316
    },
    "collision_penalty": {
      "mean": 0.0,
      "std": 0.0,
      "min": 0.0,
      "max": 0.0,
      "sum": 0.0,
      "count": 898728
    }
  },
  "collaboration_metrics": {
    "encirclement_angle_std": {
      "mean": 1.089178365374778,
      "std": 0.7231734150509532,
      "min": 0.0037533877470777863,
      "max": 2.945844938547479,
      "final": 0.35608626382770164
    },
    "min_agent_distance": {
      "mean": 2.1092299404004606,
      "std": 1.4183996288764509,
      "min": 0.18117405373637296,
      "max": 10.862807116881552,
      "final": 3.407422244357332
    },
    "avg_distance_to_prey": {
      "mean": 2.0560125418144035,
      "std": 0.9511893170665647,
      "min": 0.3619651459235074,
      "max": 11.637378917412113,
      "final": 2.2801295557201793
    },
    "formation_quality": {
      "mean": 0.28251292243218606,
      "std": 0.11272241021733956,
      "min": 0.006847865443314234,
      "max": 0.6949116603881433,
      "final": 0.4309491439909594
    }
  },
  "metadata": {
    "timestamp": "2026-04-15T12:37:25.750587",
    "episode_count": 3000,
    "aggregated": true
  }
}