{
  "reward_components": {
    "angle_uniformity": {
      "mean": -2.681919210473753,
      "std": 2.0083755866664936,
      "min": -8.753678453493643,
      "max": -8.795659322155553e-06,
      "sum": -2398995.507203245,
      "count": 894507
    },
    "collision_penalty": {
      "mean": 0.0,
      "std": 0.0,
      "min": 0.0,
      "max": 0.0,
      "sum": 0.0,
      "count": 894507
    },
    "capture_bonus": {
      "mean": 0.0015427492462328411,
      "std": 0.12419787593631237,
      "min": 0.0,
      "max": 10.0,
      "sum": 1380.0,
      "count": 894507
    },
    "time_penalty": {
      "mean": -0.010000000000000007,
      "std": 6.938893903907228e-18,
      "min": -0.01,
      "max": -0.01,
      "sum": -8945.070000000007,
      "count": 894507
    },
    "prey_collision_penalty": {
      "mean": 0.0,
      "std": 0.0,
      "min": 0.0,
      "max": 0.0,
      "sum": 0.0,
      "count": 894507
    },
    "near_collision_penalty": {
      "mean": 0.0,
      "std": 0.0,
      "min": 0.0,
      "max": 0.0,
      "sum": 0.0,
      "count": 894507
    },
    "escape_reward": {
      "mean": -0.7471969007210003,
      "std": 0.7135734013500034,
      "min": -2.214961405554739,
      "max": 0.1,
      "sum": -222790.95269107993,
      "count": 298169
    },
    "boundary_penalty": {
      "mean": -0.4904248458396025,
      "std": 2.0437350762148743,
      "min": -20.0,
      "max": -0.0,
      "sum": -146229.48585914844,
      "count": 298169
    },
    "radius_uniformity": {
      "mean": -2.9385763224819614,
      "std": 4.68866346187789,
      "min": -108.24726981111193,
      "max": -0.001492758437326312,
      "sum": -2628577.090494372,
      "count": 894507
    },
    "prey_inside_triangle": {
      "mean": 0.4385231194389759,
      "std": 0.827492424494304,
      "min": 0.0,
      "max": 2.0,
      "sum": 392262.0,
      "count": 894507
    },
    "distance_reward": {
      "mean": -0.6829976002717827,
      "std": 0.44344754109936274,
      "min": -6.098154914314565,
      "max": -0.057007718889052185,
      "sum": -610946.1344263115,
      "count": 894507
    },
    "capture_penalty": {
      "mean": -10.0,
      "std": 0.0,
      "min": -10.0,
      "max": -10.0,
      "sum": -619130.0,
      "count": 61913
    }
  },
  "collaboration_metrics": {
    "encirclement_angle_std": {
      "mean": 1.5103705130391005,
      "std": 0.642215523905028,
      "min": 0.0051022903256494525,
      "max": 2.941709138266428,
      "final": 0.9106200947223129
    },
    "min_agent_distance": {
      "mean": 1.3320303971311886,
      "std": 0.855096940746936,
      "min": 0.2185476151861817,
      "max": 9.213688160200697,
      "final": 1.5244098569780422
    },
    "avg_distance_to_prey": {
      "mean": 1.7222122379536815,
      "std": 0.862215344888382,
      "min": 0.38227248232939015,
      "max": 10.083148818051365,
      "final": 1.5528282081976137
    },
    "formation_quality": {
      "mean": 0.2410915586326884,
      "std": 0.09338338005173755,
      "min": 0.008849355857824311,
      "max": 0.8129780634778412,
      "final": 0.2610510495772775
    }
  },
  "metadata": {
    "timestamp": "2026-04-15T10:36:58.656113",
    "episode_count": 3000,
    "aggregated": true
  }
}