{
  "reward_components": {
    "time_pressure": {
      "mean": -0.010000000000000005,
      "std": 5.204170427930421e-18,
      "min": -0.01,
      "max": -0.01,
      "sum": -7665.300000000005,
      "count": 766530
    },
    "velocity_alignment": {
      "mean": 0.17267827606781772,
      "std": 0.3323457506257368,
      "min": -0.49999998752020924,
      "max": 0.49999999186435384,
      "sum": 132363.07895426432,
      "count": 766530
    },
    "angle_gap_closure": {
      "mean": -1.6311638265383959,
      "std": 1.7865366800706166,
      "min": -5.995364896097818,
      "max": 0.998811673179219,
      "sum": -1250336.0079564766,
      "count": 766530
    },
    "centroid_centrality": {
      "mean": -0.3007288384211995,
      "std": 0.3186930083258113,
      "min": -4.441903077864708,
      "max": -0.00022694305564485302,
      "sum": -230517.67651500207,
      "count": 766530
    },
    "radial_shrink_self": {
      "mean": -0.6625471521486904,
      "std": 0.7452460820006096,
      "min": -10.99520404140683,
      "max": -2.3648058715242114e-07,
      "sum": -507862.2685365357,
      "count": 766530
    },
    "radial_shrink_team": {
      "mean": -0.4785927366875955,
      "std": 0.4744829426579641,
      "min": -6.401611928407143,
      "max": 0.09853797751719923,
      "sum": -366855.69045314257,
      "count": 766530
    },
    "escape_reward": {
      "mean": -1.0610044872036153,
      "std": 0.7413916330553333,
      "min": -2.1471033240218818,
      "max": 0.1,
      "sum": -271097.25652539573,
      "count": 255510
    },
    "near_collision_penalty": {
      "mean": -1.0765164646429425e-06,
      "std": 0.0006664532503742287,
      "min": -0.41259108282137735,
      "max": 0.0,
      "sum": -0.8251821656427547,
      "count": 766530
    },
    "sector_coverage": {
      "mean": 0.3461975078627185,
      "std": 0.2628670077427228,
      "min": 0.0,
      "max": 1.0,
      "sum": 265370.7757020096,
      "count": 766530
    },
    "boundary_penalty": {
      "mean": -0.28335859727319906,
      "std": 1.526842073665094,
      "min": -20.0,
      "max": -0.0,
      "sum": -72400.95518927509,
      "count": 255510
    },
    "collision_penalty": {
      "mean": 0.0,
      "std": 0.0,
      "min": 0.0,
      "max": 0.0,
      "sum": 0.0,
      "count": 766530
    },
    "capture_penalty": {
      "mean": -10.0,
      "std": 0.0,
      "min": -10.0,
      "max": -10.0,
      "sum": -1006500.0,
      "count": 100650
    },
    "dense_capture": {
      "mean": 0.056746785717893274,
      "std": 0.17309526018412275,
      "min": 0.0,
      "max": 1.9342105957260134,
      "sum": 43498.11365633673,
      "count": 766530
    }
  },
  "collaboration_metrics": {
    "encirclement_angle_std": {
      "mean": 1.2691708996520368,
      "std": 0.5845250090240977,
      "min": 0.008380065141223579,
      "max": 2.9384762507903703,
      "final": 1.4885725430868624
    },
    "min_agent_distance": {
      "mean": 1.0061518643478817,
      "std": 0.653697497843694,
      "min": 0.15786679429425438,
      "max": 9.86213592144626,
      "final": 0.3401697613517386
    },
    "avg_distance_to_prey": {
      "mean": 1.2985849117803812,
      "std": 0.7973349672767344,
      "min": 0.34787599248260476,
      "max": 11.169353204011903,
      "final": 0.3670098182821068
    },
    "formation_quality": {
      "mean": 0.3151764926789103,
      "std": 0.12971267961139302,
      "min": 0.008487230344892384,
      "max": 0.8752215463440476,
      "final": 0.5971480106430025
    }
  },
  "metadata": {
    "timestamp": "2026-04-15T13:23:48.073616",
    "episode_count": 3000,
    "aggregated": true
  }
}