{
  "reward_components": {
    "escape_reward": {
      "mean": -0.4866589597604756,
      "std": 0.6845921102107797,
      "min": -2.161003117017203,
      "max": 0.1,
      "sum": -145681.35960429837,
      "count": 299350
    },
    "boundary_penalty": {
      "mean": -0.2889826988180175,
      "std": 1.7277147465075886,
      "min": -20.0,
      "max": -0.0,
      "sum": -86506.97089117355,
      "count": 299350
    },
    "distance_team": {
      "mean": 0.22224200658199422,
      "std": 0.05554189120441563,
      "min": -0.003599209119886473,
      "max": 0.4999908279166262,
      "sum": 199584.4340109599,
      "count": 898050
    },
    "capture_penalty": {
      "mean": -10.0,
      "std": 0.0,
      "min": -10.0,
      "max": -10.0,
      "sum": -385710.0,
      "count": 38571
    },
    "formation_radius": {
      "mean": -0.2994299652136118,
      "std": 0.09043948159625609,
      "min": -0.4965186663458619,
      "max": 0.5,
      "sum": -268903.08026008407,
      "count": 898050
    },
    "formation_angle": {
      "mean": 0.006184351420416274,
      "std": 0.1265220318263032,
      "min": -0.12839181723145246,
      "max": 0.25,
      "sum": 5553.856793104835,
      "count": 898050
    },
    "distance_self": {
      "mean": 0.43890471924555374,
      "std": 0.1792646098921101,
      "min": -0.043692510322945396,
      "max": 0.9999729331060954,
      "sum": 394158.38311846956,
      "count": 898050
    },
    "near_collision_penalty": {
      "mean": -1.2344572055569355e-05,
      "std": 0.0012413413246234594,
      "min": -0.3757995091824522,
      "max": 0.0,
      "sum": -11.086042934504059,
      "count": 898050
    },
    "collision_penalty": {
      "mean": 0.0,
      "std": 0.0,
      "min": 0.0,
      "max": 0.0,
      "sum": 0.0,
      "count": 898050
    },
    "time_penalty": {
      "mean": -0.0020000000000000013,
      "std": 1.3010426069826053e-18,
      "min": -0.002,
      "max": -0.002,
      "sum": -1796.1000000000013,
      "count": 898050
    },
    "center_in_triangle": {
      "mean": 0.29213963587773495,
      "std": 0.38518325749104476,
      "min": 0.0,
      "max": 0.8,
      "sum": 262355.9999999999,
      "count": 898050
    },
    "velocity_diversity": {
      "mean": 0.015329890001384516,
      "std": 0.005333035000284319,
      "min": 0.0,
      "max": 0.03173895455246516,
      "sum": 13767.007715743364,
      "count": 898050
    },
    "capture_bonus": {
      "mean": 0.00012026056455653916,
      "std": 0.018993873514010495,
      "min": 0.0,
      "max": 3.0,
      "sum": 108.0,
      "count": 898050
    }
  },
  "collaboration_metrics": {
    "encirclement_angle_std": {
      "mean": 1.256695647504416,
      "std": 0.6933119981282437,
      "min": 0.007570047245207273,
      "max": 2.9545845682235865,
      "final": 0.44414848217189895
    },
    "min_agent_distance": {
      "mean": 2.001162835764689,
      "std": 1.442105061078091,
      "min": 0.18121815837231808,
      "max": 11.626059118754796,
      "final": 4.86091428727049
    },
    "avg_distance_to_prey": {
      "mean": 2.1963579966042044,
      "std": 1.1573581552221484,
      "min": 0.3658506566573127,
      "max": 11.449947910618222,
      "final": 3.355489110495597
    },
    "formation_quality": {
      "mean": 0.2489331846855623,
      "std": 0.10813054352841527,
      "min": 0.004273708082913051,
      "max": 0.7821754289182292,
      "final": 0.36917060005955193
    }
  },
  "metadata": {
    "timestamp": "2026-04-15T11:37:21.502536",
    "episode_count": 3000,
    "aggregated": true
  }
}