{
  "creation_time": "2026-04-15T09:37:49.751093",
  "total_generations": 5,
  "best_fitness_ever": 0.8507962524434025,
  "best_generation": 4
}