{
  "creation_time": "2026-02-10T18:28:57.271764",
  "total_generations": 3,
  "best_fitness_ever": 0.7855004185718663,
  "best_generation": 0
}